profile,green_water_mismatch,antecedent_nocturnal_retention,z_ventilation_obstruction_index,predicted_failure_probability
Lower-risk,0.44294498395174225,-0.21893898773794096,-0.6758091964900489,0.3765033931080831
"Add
mismatch",2.2774363234276653,-0.21893898773794096,-0.6758091964900489,0.4383234636983922
"Add
retention",2.2774363234276653,0.4054989629065149,-0.6758091964900489,0.48023984652227814
"Add
obstruction",2.2774363234276653,0.4054989629065149,0.6772263022323145,0.5564933948536249
