water_profile,veg_group,n,failure_share,pop_weighted_share
high_water,high_veg,20887.0,0.44630631493273326,0.5039206013415614
low_water,high_veg,20940.0,0.554297994269341,0.6211466725738365
