top_city_share_cutoff,n_cities,burden_share
0.01,28,0.28825755545956894
0.05,139,0.5474516507740359
0.1,278,0.681387546574761
0.2,555,0.8074500884134113
