model,term,coef,std_err_hc3,p_value,n_pairs,r_squared
water_support_only,Intercept,0.4219132148557871,0.009762449507591624,0.0,20954,0.0009445717996356962
water_support_only,low_water_support_post_diff,0.19761065919751353,0.044025074070073736,7.169497198501437e-06,20954,0.0009445717996356962
deficit_plus_water_support,Intercept,0.422358069524723,0.00978355525800434,0.0,20954,0.0010016430564780965
deficit_plus_water_support,def_post_diff,-0.0011947258372668398,0.0009742105339565246,0.2200659317240975,20954,0.0010016430564780965
deficit_plus_water_support,low_water_support_post_diff,0.3898881247339952,0.17393876224575314,0.024992072870441813,20954,0.0010016430564780965
aet_def_water_support,Intercept,0.41892900926229165,0.00986049468625093,0.0,20954,0.0013545986841085877
aet_def_water_support,aet_post_diff,0.0031892107264992167,0.0011690762617082827,0.006372445200376229,20954,0.0013545986841085877
aet_def_water_support,def_post_diff,0.0001277161689397948,0.0010742731364704794,0.9053655755086256,20954,0.0013545986841085877
aet_def_water_support,low_water_support_post_diff,0.5640114762495331,0.18856487388880191,0.002779981911698259,20954,0.0013545986841085877
