metric,event_time,mean_effect,median_effect,n_pairs,ttest_pvalue,wilcoxon_pvalue
aet,0,-0.2903073652508968,0.0,22579,0.08782150162342911,8.010840475514274e-06
aet,1,4.590653726015172,0.0,22410,1.67110857288287e-85,6.751519859251744e-60
def,0,1.9633686168563713,0.0,22579,4.0977200899178695e-19,6.360819364851256e-29
def,1,-4.23635876840696,0.0,22410,7.733745362751557e-45,3.662491019184093e-31
water_support_ratio,0,-0.009346062545882753,0.0,22579,1.1833015446742973e-12,2.702554427589256e-21
water_support_ratio,1,0.027352444007281148,0.0,22410,3.0944766513413776e-50,8.600843451336148e-31
