metric,interpretation,mean_event_minus_control,median_event_minus_control,std_event_minus_control,n_events,n_positive,n_negative,ttest_pvalue,wilcoxon_pvalue
z500_gpm,higher_ridge,4.9289675782711955,6.26387423264805,14.517641463944456,11,7,4,0.2864436276273194,0.365234375
t850_c,warmer_lower_troposphere,-0.05737241701225719,0.18985161581988663,0.6967176207202306,11,6,5,0.7903235054738733,0.7646484375
omega500_pa_s,more_subsident_if_positive,0.001813915978678657,0.003798837210859392,0.00806169700360809,11,8,3,0.472692289890535,0.240234375
omega700_pa_s,more_subsident_if_positive,0.003092826675953464,0.00406354865963615,0.005822253379363325,11,9,2,0.10858351819153594,0.1015625
mslp_hpa,higher_surface_pressure,0.39555288090812984,0.42414242269967417,0.8013567417231647,11,7,4,0.1326514540762535,0.1748046875
wind10_ms,lower_if_negative,-0.16968353149800164,-0.12439861151549136,0.5864459510403517,11,5,6,0.35986432843015004,0.365234375
swvl_mean_m3_m3,lower_if_negative_drier,-0.005725280442336625,-0.007036843794164055,0.0055486910322275484,11,1,10,0.006523544498018789,0.0068359375
tp_interval_mm,lower_if_negative_drier_interval,-0.26817599368615175,-0.37230206560343504,1.1437927560271195,11,2,9,0.4547950157573677,0.0830078125
