left_out_region,coef_year,p_year,r2
Australia and New Zealand,0.00251700810450525,8.684712312710872e-07,0.6919053724899613
Central and Southern Asia,0.0029096897539891784,1.366887605923178e-06,0.6785685841340889
Northern America,0.0027015271030006657,1.5064317327560322e-06,0.6756379895463818
Europe,0.002404256928377392,1.5297309440207372e-06,0.6751729100357029
Northern Africa and Western Asia,0.002387479692895918,1.7042051569266934e-06,0.6718817052309131
Sub-Saharan Africa,0.002500751973312887,2.7019686267012065e-06,0.6574702714868517
Eastern and South-Eastern Asia,0.002387389967730159,7.060055090857045e-06,0.6254424498944491
Latin America and the Caribbean,0.002104976125315515,1.8009322848368163e-05,0.5914524644089207
