state,t2m_anom_mean,skin_anom_mean,tb_night_anom_mean,n_rows,n_cities
DHD,1.456585741491984,1.6375135098851081,0.7421130273347907,155690,2769
extreme_DHD,2.1013032679978942,2.4054727262681057,1.1062484451962387,121888,2769
moist_low_demand,-1.3051814362158618,-1.4370960870297493,-0.7170289091999013,454111,2769
