model,term,coef,std_err,t_stat,p_value
t2m_anom~state_FE,DHD_state,2.706893858356311,0.020452591508543526,132.34967594329441,0.0
t2m_anom~state_FE,extreme_DHD_state,3.3060471569580945,0.024182558138260653,136.7120524659218,0.0
