model,term,coef,std_err,t_stat,p_value
tb_night_anom~state+t2m_FE,DHD_state,-0.18747592798882493,0.012046780068109747,-15.562326773534403,0.0
tb_night_anom~state+t2m_FE,extreme_DHD_state,-0.22663968822945588,0.013966783095419684,-16.22705004302536,0.0
tb_night_anom~state+t2m_FE,t2m_anom,0.5532632383708643,0.002232599399498504,247.81124571436354,0.0
