pop_quantile,all_cities,retained_cities,all_share,retained_share,retained_to_all_share_ratio
Q1,2285,711,0.2000525302048678,0.12831618841364376,0.6414124744247873
Q2,2284,867,0.19996497986342146,0.1564699512723335,0.7824867703295068
Q3,2284,1027,0.19996497986342146,0.1853456054863743,0.926890326561019
Q4,2284,1288,0.19996497986342146,0.23244901642302834,1.1624486276636734
Q5,2285,1648,0.2000525302048678,0.2974192384046201,1.4867057072462015
