wb_income,all_cities,retained_cities,all_share,retained_share,retained_to_all_share_ratio
High income,1593,1377,0.1394676939240063,0.24851109907958852,1.7818542207702825
Low income,1050,159,0.09192785851864822,0.028695181375203032,0.3121489158738753
Lower Middle,4591,1708,0.40194361758010855,0.3082476087348854,0.7668926567131041
Upper Middle,4179,2292,0.36587287690421993,0.4136437466161343,1.130566851842423
,9,5,0.0007879530730169848,0.0009023641941887746,1.1452004251137982
