un_sdg_reg,all_cities,retained_cities,all_share,retained_share,retained_to_all_share_ratio
Australia and New Zealand,44,40,0.0038522150236385924,0.007218913553510196,1.8739643320043968
Central and Southern Asia,2895,1093,0.2534582384871301,0.19725681284966612,0.7782615946006516
Eastern and South-Eastern Asia,3117,1768,0.2728944142882157,0.31907597906515067,1.1692286919737411
Europe,1165,1008,0.10199614778497636,0.18191662154845695,1.783563649207275
Latin America and the Caribbean,1089,520,0.09534232183505516,0.09384587619563256,0.9843044976184712
Northern Africa and Western Asia,1038,273,0.09087725442129224,0.049269085002707096,0.5421497966290177
Northern America,398,368,0.034845035895639996,0.0664140046922938,1.905981813053718
Oceania,18,2,0.0015759061460339696,0.00036094567767550983,0.2290400850227596
Sub-Saharan Africa,1658,469,0.14515846611801786,0.08464176141490706,0.5830990343070377
