region,mode,n_pairs,mean_event_minus_control,median_event_minus_control,n_positive,n_negative,ttest_pvalue,wilcoxon_pvalue
Eastern and South-Eastern Asia,oni,25,-0.3632,-0.24000000000000002,8,16,0.044749046691662596,0.052021441496102626
Eastern and South-Eastern Asia,dmi,20,-0.12979999999999997,-0.1515,8,11,0.2826652666634234,0.2772406362261135
Eastern and South-Eastern Asia,nao,25,0.9438000000000001,0.95,15,9,0.013058296934639885,0.02779893171672892
Eastern and South-Eastern Asia,wnp_monsoon_shear,25,1.2498791252786967,2.4761333813823496,16,9,0.4277907678561752,0.312333345413208
Europe,oni,17,0.1670588235294118,0.16999999999999998,10,7,0.47243165225080086,0.54766845703125
Europe,dmi,14,-0.07825,-0.019,7,7,0.4525444669065649,0.5015869140625
Europe,nao,17,0.7714705882352941,0.7,12,5,0.05781914107273269,0.079681396484375
